train/epoch,train/epoch_timestamp,timestamp_ms,time_utc
1,1770799672011,1770799672011,2026-02-11 08:47:52.011000+00:00
1,1770801414589,1770801414589,2026-02-11 09:16:54.589000+00:00
1,1770803156201,1770803156201,2026-02-11 09:45:56.201000+00:00
1,1770804987238,1770804987238,2026-02-11 10:16:27.238000+00:00
1,1770806728867,1770806728867,2026-02-11 10:45:28.867000+00:00
1,1770808559892,1770808559892,2026-02-11 11:15:59.892000+00:00
1,1770810301538,1770810301538,2026-02-11 11:45:01.538000+00:00
1,1770812043104,1770812043104,2026-02-11 12:14:03.104000+00:00
1,1770813873665,1770813873665,2026-02-11 12:44:33.665000+00:00
1,1770815615238,1770815615238,2026-02-11 13:13:35.238000+00:00
1,1770817446330,1770817446330,2026-02-11 13:44:06.330000+00:00
1,1770819187870,1770819187870,2026-02-11 14:13:07.870000+00:00
1,1770820929332,1770820929332,2026-02-11 14:42:09.332000+00:00
1,1770822760116,1770822760116,2026-02-11 15:12:40.116000+00:00
1,1770824501571,1770824501571,2026-02-11 15:41:41.571000+00:00
1,1770826332044,1770826332044,2026-02-11 16:12:12.044000+00:00
1,1770828073236,1770828073236,2026-02-11 16:41:13.236000+00:00
1,1770829814565,1770829814565,2026-02-11 17:10:14.565000+00:00
1,1770831645376,1770831645376,2026-02-11 17:40:45.376000+00:00
1,1770833386764,1770833386764,2026-02-11 18:09:46.764000+00:00
1,1770835542322,1770835542322,2026-02-11 18:45:42.322000+00:00
1,1770837283639,1770837283639,2026-02-11 19:14:43.639000+00:00
1,1770839025090,1770839025090,2026-02-11 19:43:45.090000+00:00
1,1770840855612,1770840855612,2026-02-11 20:14:15.612000+00:00
1,1770842597061,1770842597061,2026-02-11 20:43:17.061000+00:00
1,1770844427547,1770844427547,2026-02-11 21:13:47.547000+00:00
1,1770846168875,1770846168875,2026-02-11 21:42:48.875000+00:00
1,1770847910218,1770847910218,2026-02-11 22:11:50.218000+00:00
1,1770849741175,1770849741175,2026-02-11 22:42:21.175000+00:00
1,1770851482551,1770851482551,2026-02-11 23:11:22.551000+00:00
1,1770853313490,1770853313490,2026-02-11 23:41:53.490000+00:00
1,1770855054897,1770855054897,2026-02-12 00:10:54.897000+00:00
1,1770856796518,1770856796518,2026-02-12 00:39:56.518000+00:00
1,1770858627149,1770858627149,2026-02-12 01:10:27.149000+00:00
1,1770860368768,1770860368768,2026-02-12 01:39:28.768000+00:00
1,1770862199534,1770862199534,2026-02-12 02:09:59.534000+00:00
1,1770863940953,1770863940953,2026-02-12 02:39:00.953000+00:00
1,1770865682436,1770865682436,2026-02-12 03:08:02.436000+00:00
1,1770867513057,1770867513057,2026-02-12 03:38:33.057000+00:00
1,1770869254643,1770869254643,2026-02-12 04:07:34.643000+00:00
1,1770871414102,1770871414102,2026-02-12 04:43:34.102000+00:00
1,1770873155380,1770873155380,2026-02-12 05:12:35.380000+00:00
1,1770874897000,1770874897000,2026-02-12 05:41:37+00:00
1,1770876727744,1770876727744,2026-02-12 06:12:07.744000+00:00
1,1770878469378,1770878469378,2026-02-12 06:41:09.378000+00:00
1,1770880300047,1770880300047,2026-02-12 07:11:40.047000+00:00
1,1770882041386,1770882041386,2026-02-12 07:40:41.386000+00:00
1,1770883782958,1770883782958,2026-02-12 08:09:42.958000+00:00
1,1770885613575,1770885613575,2026-02-12 08:40:13.575000+00:00
1,1770887355214,1770887355214,2026-02-12 09:09:15.214000+00:00
1,1770889204010,1770889204010,2026-02-12 09:40:04.010000+00:00
1,1770890945201,1770890945201,2026-02-12 10:09:05.201000+00:00
1,1770892686630,1770892686630,2026-02-12 10:38:06.630000+00:00
1,1770894517316,1770894517316,2026-02-12 11:08:37.316000+00:00
1,1770896259077,1770896259077,2026-02-12 11:37:39.077000+00:00
